model,80_20,loso,pca
rf,0.8224083453688165,0.757215691353845,0.8050131623069858
xgb,0.854153623491593,0.7375270650924144,0.8173515444773598
svm,0.7184616606020908,,0.8466279609761432
knn,0.6283235307810078,0.6458538270951216,0.8029598708451275
dtr,0.711764566795213,0.6020435583501063,0.7144576602247894
logistic,0.7914130258667562,0.5328525619011547,0.8285906079362905
nb,0.7512545733024591,0.5116773580329216,0.6586949650117697
