{"C": 7.7704748328231865, "gamma": 0.0016343031643098625}