{"C": 0.38275076021624266, "gamma": 0.012393995591726948}