{"C": 0.5228598507832826, "gamma": 0.018052862480303983}