{"C": 2.444073443393978, "gamma": 0.006662595593424344}