{"C": 0.16595226916427946, "gamma": 0.000494949693840281}