Model,WA,UA,F1_Weighted
svm,0.4921409214092141,0.5085678446478155,0.493385238125783
