model,accuracy,f1_weighted,precision_weighted,recall_weighted
dtr,0.4216326530612245,0.42355264817595434,0.4726034757318861,0.4216326530612245
knn,0.3510204081632653,0.3265732724073603,0.3670067443763442,0.3510204081632653
logistic,0.44020408163265307,0.4450782111522945,0.4926110221111878,0.44020408163265307
nb,0.32448979591836735,0.2685476621201383,0.41250007934294974,0.32448979591836735
rf,0.45693877551020406,0.4539642255635512,0.5443869258647573,0.45693877551020406
svm,0.37183673469387757,0.32681445360177985,0.46950394577733834,0.37183673469387757
xgb,0.4546938775510204,0.46017788411509486,0.5028067792636476,0.4546938775510204
