model,accuracy,f1_weighted,precision_weighted,recall_weighted
dtr,0.3906122448979592,0.3789990876505522,0.435377377907325,0.3906122448979592
knn,0.4648979591836735,0.45245601100738086,0.47248673643239253,0.4648979591836735
logistic,0.3893877551020408,0.380320395334828,0.4687980315542908,0.3893877551020408
nb,0.5393877551020408,0.5088118188514562,0.5284121541239871,0.5393877551020408
rf,0.4448979591836735,0.4020227249777078,0.6013408066739719,0.4448979591836735
svm,0.5179591836734694,0.5013849053212153,0.5830083649571597,0.5179591836734694
xgb,0.503265306122449,0.4974391313411877,0.5366390516171126,0.503265306122449
