model,accuracy,f1_weighted,precision_weighted,recall_weighted
dtr,0.3820408163265306,0.38972824955631585,0.4143791012392353,0.3820408163265306
knn,0.46408163265306124,0.45055729011970935,0.4700083864008231,0.46408163265306124
logistic,0.36673469387755103,0.3452815537056628,0.44710929025269214,0.36673469387755103
nb,0.5310204081632653,0.4913113044405856,0.5134975234842678,0.5310204081632653
rf,0.5075510204081632,0.4986831258455131,0.5970717769761552,0.5075510204081632
svm,0.5426530612244898,0.5389872809495952,0.5698598364444928,0.5426530612244898
xgb,0.5204081632653061,0.5176460324711598,0.5179319619543352,0.5204081632653061
