Method,WA,UA,F1_Weighted
ensemble_soft,0.4713822894168467,0.33753128546817623,0.46714494642151716
