Method,WA,UA,F1_Weighted
ensemble_soft,0.5111111111111111,0.4868609969403348,0.49283102594769945
