Method,WA,UA,F1_Weighted
ensemble_soft,0.5101626016260162,0.4850418390591463,0.49136399687810556
