Model,WA,UA,F1_Weighted
random_forest,0.4713822894168467,0.33753128546817623,0.46714494642151716
