Model,WA,UA,F1_Weighted
random_forest,0.44959349593495934,0.44131588858124743,0.4483238438043292
