model,accuracy,f1_weighted,precision_weighted,recall_weighted
dtr,0.37448979591836734,0.37694591312909703,0.429191651886722,0.37448979591836734
knn,0.4887755102040816,0.48345073180348197,0.5185303114379185,0.4887755102040816
logistic,0.36020408163265305,0.3250440120824503,0.4331598892133871,0.36020408163265305
nb,0.5408163265306123,0.5186334546099329,0.5269442280468623,0.5408163265306123
rf,0.4446938775510204,0.4136490242342836,0.6043986661487073,0.4446938775510204
svm,0.4926530612244898,0.47861431187101866,0.5771594725264224,0.4926530612244898
xgb,0.52,0.5134293255255539,0.5466854982861604,0.52
