model,accuracy,f1_weighted,precision_weighted,recall_weighted
dtr,0.35244897959183674,0.3639109759060732,0.46737772880238065,0.35244897959183674
knn,0.4881632653061225,0.4760111757835914,0.49010962397407787,0.4881632653061225
logistic,0.4436734693877551,0.4439171773171344,0.5092449082007917,0.4436734693877551
nb,0.5428571428571428,0.5135093592935605,0.531184844146066,0.5428571428571428
rf,0.4704081632653061,0.4444649729308627,0.6178656360052355,0.4704081632653061
svm,0.5081632653061224,0.5011581826379705,0.5600449629566225,0.5081632653061224
xgb,0.5222448979591837,0.5248123684715461,0.5520309360050412,0.5222448979591837
